bank,rating,mean_vader_sentiment,mean_bert_sentiment,count_reviews
BOA,1,-0.2840466926070039,-0.8365758754863813,257
BOA,2,-0.16666666666666666,-0.8333333333333334,24
BOA,3,0.32432432432432434,-0.2972972972972973,37
BOA,4,0.3157894736842105,-0.3684210526315789,19
BOA,5,0.5212765957446809,0.3723404255319149,188
