bank,rating,mean_vader_sentiment,mean_bert_sentiment,count_reviews
DASHEN,1,-0.11764705882352941,-0.8823529411764706,34
DASHEN,2,0.0,-0.6842105263157895,19
DASHEN,3,0.6666666666666666,0.0,12
DASHEN,4,0.5,-0.09090909090909091,22
DASHEN,5,0.7888198757763976,0.7639751552795031,322
